{"count":1,"self":183.7903872,"total":186.6666502,"children":{"InitializeActuators":{"count":2,"self":0.0029974999999999997,"total":0.0029974999999999997,"children":null},"InitializeSensors":{"count":2,"self":0.0010006,"total":0.0010006,"children":null},"AgentSendState":{"count":7648,"self":0.0558219,"total":0.3126149,"children":{"CollectObservations":{"count":4846,"self":0.2137839,"total":0.2137839,"children":null},"WriteActionMask":{"count":4846,"self":0.011998199999999999,"total":0.011998199999999999,"children":null},"RequestDecision":{"count":4846,"self":0.031010899999999997,"total":0.031010899999999997,"children":null}}},"DecideAction":{"count":7648,"self":2.5416491999999997,"total":2.5416491999999997,"children":null},"AgentAct":{"count":7648,"self":0.016994699999999998,"total":0.016994699999999998,"children":null}},"gauges":{"My Behavior.CumulativeReward":{"count":1,"max":0.945000052,"min":0.945000052,"runningAverage":0.945000052,"value":0.945000052,"weightedAverage":0.945000052}},"metadata":{"timer_format_version":"0.1.0","start_time_seconds":"1737424503","unity_version":"2022.3.20f1","command_line_arguments":"D:\\unity\\2022.3.20f1\\Editor\\Unity.exe -projectpath D:\\inzynierka -useHub -hubIPC -cloudEnvironment production -licensingIpc LicenseClient-woliw -hubSessionId 3a356da3-b51e-4d41-8b3f-96b5a1e7bd7b -accessToken Xu5QCQkCzfvLl_-jiKavjtyvQLNyGdi-FnYkE23HPUk012f","communication_protocol_version":"1.5.0","com.unity.ml-agents_version":"2.0.1","scene_name":"SampleScene","end_time_seconds":"1737424690"}}