{"count":1,"self":364.60743679999996,"total":374.09529979999996,"children":{"InitializeActuators":{"count":14,"self":0.0040527,"total":0.0040527,"children":null},"InitializeSensors":{"count":14,"self":0,"total":0,"children":null},"AgentSendState":{"count":17277,"self":0.2047828,"total":1.1002751,"children":{"CollectObservations":{"count":17716,"self":0.76353129999999991,"total":0.76353129999999991,"children":null},"WriteActionMask":{"count":17716,"self":0.037966599999999996,"total":0.037966599999999996,"children":null},"RequestDecision":{"count":17716,"self":0.093994399999999992,"total":0.093994399999999992,"children":null}}},"DecideAction":{"count":17277,"self":8.275569599999999,"total":8.2755698,"children":null},"AgentAct":{"count":17277,"self":0.10796399999999999,"total":0.10796399999999999,"children":null}},"gauges":{"My Behavior.CumulativeReward":{"count":4,"max":0.98,"min":-0.099999994,"runningAverage":0.40375,"value":0.98,"weightedAverage":0.536328137}},"metadata":{"timer_format_version":"0.1.0","start_time_seconds":"1737788341","unity_version":"2022.3.20f1","command_line_arguments":"D:\\unity\\2022.3.20f1\\Editor\\Unity.exe -projectpath D:\\inzynierka -useHub -hubIPC -cloudEnvironment production -licensingIpc LicenseClient-woliw -hubSessionId 5a13fa98-71dc-4db5-b685-76efced78de0 -accessToken l80aDB2vY0n0BnJUur__maYY0ZE4HCOvmc00UvNRdWY012f","communication_protocol_version":"1.5.0","com.unity.ml-agents_version":"2.0.1","scene_name":"SampleScene","end_time_seconds":"1737788715"}}